{"camera":{"position":{"x":-2.803421,"y":0.64529294,"z":-2.7399094},"forward_direction":{"x":0.0029754608,"y":-0.08952152,"z":0.99598044},"up_direction":{"x":-0.0002674416,"y":-0.99598485,"z":-0.08952112},"target":{"x":4.3195863,"y":1.7278345,"z":4.3195863},"projection":{"x":{"x":0.52552086,"y":0.0,"z":0.0,"w":0.0},"y":{"x":0.0,"y":1.0,"z":0.0,"w":0.0},"z":{"x":0.0,"y":0.0,"z":-1.0002,"w":-1.0},"w":{"x":0.0,"y":0.0,"z":-0.020002,"w":0.0}},"view":{"x":{"x":-0.99999547,"y":0.00026744185,"z":-0.0029754639,"w":0.0},"y":{"x":0.0,"y":0.99598485,"z":0.08952153,"w":0.0},"z":{"x":0.0029874586,"y":0.089521125,"z":-0.9959805,"w":0.0},"w":{"x":-2.795223,"y":-0.39667243,"z":-2.7950056,"w":1.0}},"view_projection":{"x":{"x":-0.5255185,"y":0.00026744185,"z":0.002976059,"w":0.0029754639},"y":{"x":0.0,"y":0.99598485,"z":-0.08953943,"w":-0.08952153},"z":{"x":0.0015699718,"y":0.089521125,"z":0.99617976,"w":0.9959805},"w":{"x":-1.468948,"y":-0.39667243,"z":2.7755628,"w":2.7950056}},"view_mode":"Fly","yaw":1.5678089,"pitch":-0.08964153},"title":"Untitled","starting_camera":{"position":{"x":0.0,"y":0.0,"z":0.0},"forward_direction":{"x":0.0,"y":0.0,"z":1.0},"up_direction":{"x":0.0,"y":-1.0,"z":0.0},"target":{"x":0.0,"y":0.0,"z":1.0},"projection":{"x":{"x":0.525,"y":0.0,"z":0.0,"w":0.0},"y":{"x":0.0,"y":1.0,"z":0.0,"w":0.0},"z":{"x":0.0,"y":0.0,"z":-1.0002,"w":-1.0},"w":{"x":0.0,"y":0.0,"z":-0.020002,"w":0.0}},"view":{"x":{"x":-1.0,"y":0.0,"z":-0.0,"w":0.0},"y":{"x":0.0,"y":1.0,"z":-0.0,"w":0.0},"z":{"x":0.0,"y":-0.0,"z":-1.0,"w":0.0},"w":{"x":-0.0,"y":-0.0,"z":0.0,"w":1.0}},"view_projection":{"x":{"x":-0.525,"y":0.0,"z":0.0,"w":0.0},"y":{"x":0.0,"y":1.0,"z":0.0,"w":0.0},"z":{"x":0.0,"y":0.0,"z":1.0002,"w":1.0},"w":{"x":0.0,"y":0.0,"z":-0.020002,"w":0.0}},"view_mode":"FPS","yaw":1.5707964,"pitch":0.0},"graph":{"nodes":[{"model":{"uuid":318108470406561583363231389821328102639,"path":"C:\\Users\\fredd\\RustroverProjects\\shooter-game\\assets\\game_scenes\\map.glb"},"name":"Model","transform":{"translation":{"x":0.0,"y":0.0,"z":0.0},"rotation":{"v":{"x":0.0,"y":0.0,"z":0.0},"s":0.0},"scale":{"x":1.0,"y":1.0,"z":1.0}}}],"node_holes":[],"edge_property":"directed","edges":[]}}