{"camera":{"position":{"x":-6.50845,"y":2.0,"z":1.9914176},"forward_direction":{"x":0.8097021,"y":-0.3854017,"z":-0.4425475},"up_direction":{"x":0.19245009,"y":-0.9622505,"z":0.19245009},"target":{"x":4.3195863,"y":1.7278345,"z":4.3195863},"projection":{"x":{"x":0.52552086,"y":0.0,"z":0.0,"w":0.0},"y":{"x":0.0,"y":1.0,"z":0.0,"w":0.0},"z":{"x":0.0,"y":0.0,"z":-1.0002,"w":-1.0},"w":{"x":0.0,"y":0.0,"z":-0.020002,"w":0.0}},"view":{"x":{"x":0.47959694,"y":0.33818573,"z":-0.8097019,"w":0.0},"y":{"x":-0.0,"y":0.9227489,"z":0.38540173,"w":0.0},"z":{"x":0.8774889,"y":-0.18483749,"z":0.44254756,"w":0.0},"w":{"x":1.3739859,"y":0.7236556,"z":-6.922005,"w":1.0}},"view_projection":{"x":{"x":0.2520382,"y":0.33818573,"z":0.80986387,"w":0.8097019},"y":{"x":0.0,"y":0.9227489,"z":-0.38547882,"w":-0.38540173},"z":{"x":0.46113873,"y":-0.18483749,"z":-0.44263607,"w":-0.44254756},"w":{"x":0.72205824,"y":0.7236556,"z":6.903388,"w":6.922005}},"view_mode":"FPS","yaw":-0.5001952,"pitch":-0.39564306},"title":"Untitled","starting_camera":{"position":{"x":0.0,"y":0.0,"z":0.0},"forward_direction":{"x":0.0,"y":0.0,"z":1.0},"up_direction":{"x":0.0,"y":-1.0,"z":0.0},"target":{"x":0.0,"y":0.0,"z":1.0},"projection":{"x":{"x":0.525,"y":0.0,"z":0.0,"w":0.0},"y":{"x":0.0,"y":1.0,"z":0.0,"w":0.0},"z":{"x":0.0,"y":0.0,"z":-1.0002,"w":-1.0},"w":{"x":0.0,"y":0.0,"z":-0.020002,"w":0.0}},"view":{"x":{"x":-1.0,"y":0.0,"z":-0.0,"w":0.0},"y":{"x":0.0,"y":1.0,"z":-0.0,"w":0.0},"z":{"x":0.0,"y":-0.0,"z":-1.0,"w":0.0},"w":{"x":-0.0,"y":-0.0,"z":0.0,"w":1.0}},"view_projection":{"x":{"x":-0.525,"y":0.0,"z":0.0,"w":0.0},"y":{"x":0.0,"y":1.0,"z":0.0,"w":0.0},"z":{"x":0.0,"y":0.0,"z":1.0002,"w":1.0},"w":{"x":0.0,"y":0.0,"z":-0.020002,"w":0.0}},"view_mode":"FPS","yaw":1.5707964,"pitch":0.0},"model_instances":[{"model":{"uuid":7251254455264183185970167675648170203,"path":"C:\\Users\\fredd\\RustroverProjects\\shooter-game\\assets\\game_scenes\\map.glb"},"transform":{"translation":{"x":0.0,"y":0.0,"z":0.0},"rotation":{"v":{"x":0.0,"y":0.0,"z":0.0},"s":0.0},"scale":{"x":1.0,"y":1.0,"z":1.0}}}]}