{"model_instances":{"C:\\Users\\fredd\\RustroverProjects\\shooter-game\\assets\\game_scenes\\map.glb":{"":[{"translation":{"x":0.0,"y":0.0,"z":0.0},"rotation":{"v":{"x":0.0,"y":0.0,"z":0.0},"s":0.0},"scale":{"x":1.0,"y":1.0,"z":1.0}},{"translation":{"x":0.0,"y":0.0,"z":0.0},"rotation":{"v":{"x":0.0,"y":0.0,"z":0.0},"s":0.0},"scale":{"x":1.0,"y":1.0,"z":1.0}}]}},"camera":{"position":{"x":3.8213809,"y":2.0,"z":-6.32355},"forward_direction":{"x":-0.41891944,"y":-0.15896536,"z":0.8940003},"up_direction":{"x":0.19245009,"y":-0.9622505,"z":0.19245009},"target":{"x":4.3195863,"y":1.7278345,"z":4.3195863},"projection":{"x":{"x":0.52552086,"y":0.0,"z":0.0,"w":0.0},"y":{"x":0.0,"y":1.0,"z":0.0,"w":0.0},"z":{"x":0.0,"y":0.0,"z":-1.0002,"w":-1.0},"w":{"x":0.0,"y":0.0,"z":-0.020002,"w":0.0}},"view":{"x":{"x":-0.90551466,"y":-0.067451395,"z":0.4189194,"w":0.0},"y":{"x":0.0,"y":0.9872841,"z":0.1589654,"w":0.0},"z":{"x":-0.42431495,"y":0.1439455,"z":-0.8940003,"w":0.0},"w":{"x":0.77713966,"y":-0.8065642,"z":-7.572037,"w":1.0}},"view_projection":{"x":{"x":-0.47586685,"y":-0.067451395,"z":-0.41900322,"w":-0.4189194},"y":{"x":0.0,"y":0.9872841,"z":-0.1589972,"w":-0.1589654},"z":{"x":-0.22298636,"y":0.1439455,"z":0.8941791,"w":0.8940003},"w":{"x":0.4084031,"y":-0.8065642,"z":7.55355,"w":7.572037}},"view_mode":"FPS","yaw":-4.2741838,"pitch":-0.1596426},"starting_camera":{"position":{"x":0.0,"y":0.0,"z":0.0},"forward_direction":{"x":0.0,"y":0.0,"z":1.0},"up_direction":{"x":0.0,"y":-1.0,"z":0.0},"target":{"x":0.0,"y":0.0,"z":1.0},"projection":{"x":{"x":0.525,"y":0.0,"z":0.0,"w":0.0},"y":{"x":0.0,"y":1.0,"z":0.0,"w":0.0},"z":{"x":0.0,"y":0.0,"z":-1.0002,"w":-1.0},"w":{"x":0.0,"y":0.0,"z":-0.020002,"w":0.0}},"view":{"x":{"x":-1.0,"y":0.0,"z":-0.0,"w":0.0},"y":{"x":0.0,"y":1.0,"z":-0.0,"w":0.0},"z":{"x":0.0,"y":-0.0,"z":-1.0,"w":0.0},"w":{"x":-0.0,"y":-0.0,"z":0.0,"w":1.0}},"view_projection":{"x":{"x":-0.525,"y":0.0,"z":0.0,"w":0.0},"y":{"x":0.0,"y":1.0,"z":0.0,"w":0.0},"z":{"x":0.0,"y":0.0,"z":1.0002,"w":1.0},"w":{"x":0.0,"y":0.0,"z":-0.020002,"w":0.0}},"view_mode":"FPS","yaw":1.5707964,"pitch":0.0},"title":"Untitled"}