{
  "camera": {
    "position": {
      "x": 5.0,
      "y": 2.0,
      "z": 5.0
    },
    "looking_direction": {
      "x": -0.68041384,
      "y": -0.27216554,
      "z": -0.68041384
    },
    "up_direction": {
      "x": 0.19245009,
      "y": -0.9622505,
      "z": 0.19245009
    },
    "target": {
      "x": 4.3195863,
      "y": 1.7278345,
      "z": 4.3195863
    },
    "projection": {
      "x": {
        "x": 0.52552086,
        "y": 0.0,
        "z": 0.0,
        "w": 0.0
      },
      "y": {
        "x": 0.0,
        "y": 1.0,
        "z": 0.0,
        "w": 0.0
      },
      "z": {
        "x": 0.0,
        "y": 0.0,
        "z": -1.0002,
        "w": -1.0
      },
      "w": {
        "x": 0.0,
        "y": 0.0,
        "z": -0.020002,
        "w": 0.0
      }
    },
    "view": {
      "x": {
        "x": 0.7071067,
        "y": -0.19245009,
        "z": 0.6804138,
        "w": 0.0
      },
      "y": {
        "x": 0.0,
        "y": 0.9622503,
        "z": 0.27216557,
        "w": 0.0
      },
      "z": {
        "x": -0.7071067,
        "y": -0.19245009,
        "z": 0.6804138,
        "w": 0.0
      },
      "w": {
        "x": -0.0,
        "y": 3.5762787e-7,
        "z": -7.348469,
        "w": 1.0
      }
    },
    "view_projection": {
      "x": {
        "x": 0.37159932,
        "y": -0.19245009,
        "z": -0.68054986,
        "w": -0.6804138
      },
      "y": {
        "x": 0.0,
        "y": 0.9622503,
        "z": -0.27222002,
        "w": -0.27216557
      },
      "z": {
        "x": -0.37159932,
        "y": -0.19245009,
        "z": -0.68054986,
        "w": -0.6804138
      },
      "w": {
        "x": 0.0,
        "y": 3.5762787e-7,
        "z": 7.329937,
        "w": 7.348469
      }
    },
    "view_mode": "Fly",
    "yaw": -2.3561945,
    "pitch": -0.2756428
  },
  "title": "Untitled",
  "starting_camera": {
    "position": {
      "x": 0.0,
      "y": 0.0,
      "z": 0.0
    },
    "forward_direction": {
      "x": 0.0,
      "y": 0.0,
      "z": 1.0
    },
    "up_direction": {
      "x": 0.0,
      "y": -1.0,
      "z": 0.0
    },
    "target": {
      "x": 0.0,
      "y": 0.0,
      "z": 1.0
    },
    "projection": {
      "x": {
        "x": 0.525,
        "y": 0.0,
        "z": 0.0,
        "w": 0.0
      },
      "y": {
        "x": 0.0,
        "y": 1.0,
        "z": 0.0,
        "w": 0.0
      },
      "z": {
        "x": 0.0,
        "y": 0.0,
        "z": -1.0002,
        "w": -1.0
      },
      "w": {
        "x": 0.0,
        "y": 0.0,
        "z": -0.020002,
        "w": 0.0
      }
    },
    "view": {
      "x": {
        "x": -1.0,
        "y": 0.0,
        "z": -0.0,
        "w": 0.0
      },
      "y": {
        "x": 0.0,
        "y": 1.0,
        "z": -0.0,
        "w": 0.0
      },
      "z": {
        "x": 0.0,
        "y": -0.0,
        "z": -1.0,
        "w": 0.0
      },
      "w": {
        "x": -0.0,
        "y": -0.0,
        "z": 0.0,
        "w": 1.0
      }
    },
    "view_projection": {
      "x": {
        "x": -0.525,
        "y": 0.0,
        "z": 0.0,
        "w": 0.0
      },
      "y": {
        "x": 0.0,
        "y": 1.0,
        "z": 0.0,
        "w": 0.0
      },
      "z": {
        "x": 0.0,
        "y": 0.0,
        "z": 1.0002,
        "w": 1.0
      },
      "w": {
        "x": 0.0,
        "y": 0.0,
        "z": -0.020002,
        "w": 0.0
      }
    },
    "view_mode": "FPS",
    "yaw": 1.5707964,
    "pitch": 0.0
  },
  "graph": {
    "nodes": [
      {
        "model": {
          "uuid": 233640830348600384938994953133320732352,
          "path": "/home/freddy/dev/shooter-game/assets/game_scenes/map.glb"
        },
        "name": "Model",
        "transform": {
          "translation": {
            "x": 0.0,
            "y": 0.0,
            "z": 0.0
          },
          "rotation": {
            "v": {
              "x": 0.0,
              "y": 0.0,
              "z": 0.0
            },
            "s": 0.0
          },
          "scale": {
            "x": 1.0,
            "y": 1.0,
            "z": 1.0
          }
        }
      }
    ],
    "node_holes": [],
    "edge_property": "directed",
    "edges": []
  }
}